mode,repetition,evidence_level,n_senders,priming_ok,signal_ok,pings_succeeded,pings_attempted,no_rule_events,flows_installed,elapsed_s,throughput_installs_per_s,cpu_s,max_rss_kib,control_bytes_total,control_messages_total,control_bytes_source,echo_replies_sent,ovs_vswitchd_cpu_s_delta,ovs_vswitchd_rss_kib_after
process_per_rule,1,measured_emulation,40,1,1,40,40,230,84,1.152042641,72.91396777387166,0.08300900000000005,65700,8064,84,computed_wire_format,,0.0,85300
process_per_rule,2,measured_emulation,40,1,1,40,40,225,84,1.20659075,69.61763961807266,0.09900399999999998,65688,8064,84,computed_wire_format,,0.0,85300
process_per_rule,3,measured_emulation,40,1,1,40,40,216,84,1.131588947,74.2319021608471,0.07847500000000002,65692,8064,84,computed_wire_format,,1.0,85300
process_per_rule,4,measured_emulation,40,1,1,40,40,224,84,1.125783663,74.61469086889743,0.076799,65688,8064,84,computed_wire_format,,1.0,85300
process_per_rule,5,measured_emulation,40,1,1,40,40,224,84,1.129419924,74.3744626909911,0.07808800000000005,65704,8064,84,computed_wire_format,,0.0,85300
process_per_rule,6,measured_emulation,40,1,1,40,40,218,84,1.14265352,73.51309782864013,0.08075499999999997,65656,8064,84,computed_wire_format,,0.0,85300
process_per_rule,7,measured_emulation,40,1,1,40,40,215,84,1.139274448,73.73113664355614,0.07841999999999999,65596,8064,84,computed_wire_format,,1.0,85300
process_per_rule,8,measured_emulation,40,1,1,40,40,245,84,1.415010341,59.36352376098996,0.1368720000000001,65616,8064,84,computed_wire_format,,1.0,85300
process_per_rule,9,measured_emulation,40,1,1,40,40,257,84,1.441385406,58.27726550465712,0.146123,65672,8064,84,computed_wire_format,,1.0,85300
process_per_rule,10,measured_emulation,40,1,1,40,40,220,84,1.247124267,67.3549558955058,0.10997099999999999,65704,8064,84,computed_wire_format,,1.0,85300
process_per_rule,11,measured_emulation,40,1,1,40,40,238,84,1.268189868,66.23613870411397,0.11111200000000004,65608,8064,84,computed_wire_format,,1.0,85300
process_per_rule,12,measured_emulation,40,1,1,40,40,226,84,1.233025116,68.12513298390914,0.10436700000000004,65704,8064,84,computed_wire_format,,0.0,85300
process_per_rule,13,measured_emulation,40,1,1,40,40,239,84,1.228250375,68.3899648717795,0.10704599999999997,65692,8064,84,computed_wire_format,,0.0,85300
process_per_rule,14,measured_emulation,40,1,1,40,40,232,84,1.236616055,67.92730828648347,0.104651,65700,8064,84,computed_wire_format,,0.0,85300
process_per_rule,15,measured_emulation,40,1,1,40,40,256,84,1.468965198,57.18311101880849,0.21603000000000006,65704,8064,84,computed_wire_format,,0.0,85300
process_per_rule,16,measured_emulation,40,1,1,40,40,242,84,1.331648739,63.07969777606645,0.12368899999999994,65696,8064,84,computed_wire_format,,0.0,85300
process_per_rule,17,measured_emulation,40,1,1,40,40,235,84,1.21807262,68.96140560158064,0.10738900000000001,65696,8064,84,computed_wire_format,,1.0,85300
process_per_rule,18,measured_emulation,40,1,1,40,40,235,84,1.244053557,67.5212088156105,0.109379,65700,8064,84,computed_wire_format,,1.0,85300
process_per_rule,19,measured_emulation,40,1,1,40,40,226,84,1.228579976,68.37161734760359,0.10714400000000007,65696,8064,84,computed_wire_format,,1.0,85300
process_per_rule,20,measured_emulation,40,1,1,40,40,247,84,1.228283778,68.38810501655912,0.10599099999999995,65636,8064,84,computed_wire_format,,0.0,85300
process_per_rule,21,measured_emulation,40,1,1,40,40,254,84,1.262944636,66.51122907972032,0.11814400000000003,65704,8064,84,computed_wire_format,,0.0,85300
process_per_rule,22,measured_emulation,40,1,1,40,40,281,84,3.667805264,22.901979236594496,0.706742,65700,8064,84,computed_wire_format,,1.0,85300
process_per_rule,23,measured_emulation,40,1,1,40,40,282,84,1.686633022,49.80336499068023,0.14979500000000012,65608,8064,84,computed_wire_format,,1.0,85300
process_per_rule,24,measured_emulation,40,1,1,40,40,234,84,1.206772311,69.60716552270978,0.086067,65696,8064,84,computed_wire_format,,1.0,85300
process_per_rule,25,measured_emulation,40,1,1,40,40,220,84,1.135596286,73.96994956357229,0.09717399999999998,65696,8064,84,computed_wire_format,,0.0,85300
process_per_rule,26,measured_emulation,40,1,1,40,40,235,84,1.32693643,63.3037107889185,0.12166699999999997,65556,8064,84,computed_wire_format,,0.0,85300
process_per_rule,27,measured_emulation,40,1,1,40,40,232,84,1.174804781,71.50124119217386,0.096497,65704,8064,84,computed_wire_format,,0.0,85300
process_per_rule,28,measured_emulation,40,1,1,40,40,238,84,1.231246902,68.22352191388498,0.106209,65692,8064,84,computed_wire_format,,0.0,85300
process_per_rule,29,measured_emulation,40,1,1,40,40,229,84,1.201334105,69.92226363206429,0.10033599999999998,65692,8064,84,computed_wire_format,,1.0,85300
process_per_rule,30,measured_emulation,40,1,1,40,40,225,84,1.327797636,63.262652171192755,0.129913,65664,8064,84,computed_wire_format,,1.0,85300
persistent,1,measured_emulation,40,1,1,40,40,166,84,0.324015209,259.24708984879777,0.04876900000000001,65676,8064,84,measured,0,0.0,85300
persistent,2,measured_emulation,40,1,1,40,40,139,84,0.302482283,277.702215041798,0.03614200000000001,65628,8064,84,measured,0,0.0,85300
persistent,3,measured_emulation,40,1,1,40,40,149,84,0.297710075,282.1537027257139,0.035199000000000036,65704,8064,84,measured,0,0.0,85300
persistent,4,measured_emulation,40,1,1,40,40,165,84,0.307329707,273.32209704023177,0.03965999999999997,65696,8064,84,measured,0,0.0,85300
persistent,5,measured_emulation,40,1,1,40,40,144,84,0.306074167,274.44328550602575,0.034748,65704,8064,84,measured,0,0.0,85300
persistent,6,measured_emulation,40,1,1,40,40,156,84,0.296475246,283.3288820342188,0.03437599999999996,65704,8064,84,measured,0,0.0,85300
persistent,7,measured_emulation,40,1,1,40,40,155,84,0.314179133,267.36339615527555,0.037243000000000026,65692,8064,84,measured,0,0.0,85300
persistent,8,measured_emulation,40,1,1,40,40,139,84,0.429689077,195.49019162057965,0.06816399999999989,65600,8064,84,measured,0,0.0,85300
persistent,9,measured_emulation,40,1,1,40,40,195,84,0.608253226,138.10037729253244,0.129212,65740,8064,84,measured,0,0.0,85300
persistent,10,measured_emulation,40,1,1,40,40,155,84,0.290725128,288.93271310211617,0.030477000000000032,65680,8064,84,measured,0,1.0,85300
persistent,11,measured_emulation,40,1,1,40,40,154,84,0.28893867,290.71913427164316,0.030384999999999995,65504,8064,84,measured,0,0.0,85300
persistent,12,measured_emulation,40,1,1,40,40,147,84,0.29125959,288.4025209264354,0.030082000000000053,65660,8064,84,measured,0,0.0,85300
persistent,13,measured_emulation,40,1,1,40,40,163,84,0.353926671,237.33729860669357,0.054610999999999965,65696,8064,84,measured,0,0.0,85300
persistent,14,measured_emulation,40,1,1,40,40,141,84,0.360597886,232.9464571514432,0.049143999999999965,65700,8064,84,measured,0,0.0,85300
persistent,15,measured_emulation,40,1,1,40,40,146,84,0.275573711,304.818626186008,0.032676999999999956,65628,8064,84,measured,0,0.0,85300
persistent,16,measured_emulation,40,1,1,40,40,171,84,0.635478939,132.18376699027002,0.14714899999999997,65472,8064,84,measured,0,0.0,85300
persistent,17,measured_emulation,40,1,1,40,40,175,84,0.62775719,133.80969798211314,0.13748000000000027,65616,8064,84,measured,0,1.0,85300
persistent,18,measured_emulation,40,1,1,40,40,142,84,0.289135435,290.5212915186269,0.028747000000000023,65648,8064,84,measured,0,0.0,85300
persistent,19,measured_emulation,40,1,1,40,40,157,84,0.29192773,287.7424491328727,0.035447000000000006,65708,8064,84,measured,0,0.0,85300
persistent,20,measured_emulation,40,1,1,40,40,154,84,0.295802651,283.9731142233745,0.03270200000000001,65684,8064,84,measured,0,0.0,85300
persistent,21,measured_emulation,40,1,1,40,40,180,84,0.391210507,214.71815939749288,0.06480599999999997,65692,8064,84,measured,0,0.0,85300
persistent,22,measured_emulation,40,1,1,40,40,158,84,0.304341451,276.0057814142445,0.03737100000000004,65648,8064,84,measured,0,0.0,85300
persistent,23,measured_emulation,40,1,1,40,40,161,84,0.317977045,264.1700126498125,0.04150999999999999,65600,8064,84,measured,0,0.0,85300
persistent,24,measured_emulation,40,1,1,40,40,149,84,0.295544865,284.2208068815542,0.035445000000000004,65596,8064,84,measured,0,1.0,85300
persistent,25,measured_emulation,40,1,1,40,40,161,84,0.319658152,262.78072207587564,0.042039999999999966,65736,8064,84,measured,0,0.0,85300
persistent,26,measured_emulation,40,1,1,40,40,145,84,0.29825654,281.6367413100145,0.03232299999999999,65700,8064,84,measured,0,0.0,85300
persistent,27,measured_emulation,40,1,1,40,40,169,84,0.361633465,232.27938819212986,0.052002999999999966,65692,8064,84,measured,0,0.0,85300
persistent,28,measured_emulation,40,1,1,40,40,149,84,0.374902438,224.05829220027638,0.061805,65700,8064,84,measured,0,0.0,85300
persistent,29,measured_emulation,40,1,1,40,40,161,84,0.320414446,262.160464512889,0.04109299999999999,65704,8064,84,measured,0,0.0,85300
persistent,30,measured_emulation,40,1,1,40,40,163,84,0.317452104,264.6068460141628,0.04396800000000001,65636,8064,84,measured,0,0.0,85300
