mode,repetition,priming_ok,ping_success,evidence_level,t_dispatch_enter_ns,t_pre_ctypes_ns,c_entry_ns,c_decision_done_ns,c_table_write_done_ns,c_install_done_ns,c_exit_ns,t_post_ctypes_ns,t_packetout_sent_ns,t_confirmed_ns,installed,confirmed,trial_order,t_parse_done_ns,t_state_update_done_ns,t_decision_done_ns,t_flowmod_sent_ns
persistent,30,1,1,measured_emulation,24191258700,24191365533,24191385154,24191385878,24191386602,24191410692,24191410820,24191413374,24191443764,24203309098,True,True,1,,,,
persistent,19,1,1,measured_emulation,31475241807,31475296810,31475307146,31475307567,31475307945,31475319878,31475319920,31475321223,31475336980,31476858811,True,True,2,,,,
process_per_rule,16,1,1,measured_emulation,36492084791,36492163673,36492181709,36492182504,36492182755,36502101882,36502102049,36502106401,36502145654,36503708857,True,True,3,,,,
persistent,28,1,1,measured_emulation,43777578215,43777634006,43777645816,43777646316,43777646775,43777668891,43777668933,43777670519,43777686918,43779795595,True,True,4,,,,
reactive_osken,23,1,1,measured_emulation,48577448252,,,,,,,,48577583203,48579310376,True,True,5,48577500673,48577501757,48577501965,48577574987
reactive_osken,2,1,1,measured_emulation,53320369110,,,,,,,,53320700175,53324629100,True,True,6,53320497418,53320500419,53320501003,53320680374
process_per_rule,17,1,1,measured_emulation,58184915726,58184987723,58185094862,58185095905,58185096363,58194474592,58194474758,58194479177,58194514863,58195979175,True,True,7,,,,
process_per_rule,7,1,1,measured_emulation,63114579598,63114653252,63114669884,63114670676,63114670926,63124488648,63124488815,63124493234,63124527039,63126609789,True,True,8,,,,
reactive_osken,26,1,1,measured_emulation,67965450802,,,,,,,,67965573090,67967384608,True,True,9,67965497691,67965498775,67965498983,67965565629
process_per_rule,20,1,1,measured_emulation,72837896099,72837965699,72837982120,72837982703,72837983036,72847195442,72847195609,72847200193,72847238869,72848884644,True,True,10,,,,
reactive_osken,18,1,1,measured_emulation,77822915961,,,,,,,,77823137588,77824873218,True,True,11,77822972764,77822974098,77822974306,77823128419
process_per_rule,25,1,1,measured_emulation,82722758233,82722884337,82722916551,82722920843,82722921468,82739638127,82739638294,82739644461,82739688761,82742318282,True,True,12,,,,
process_per_rule,13,1,1,measured_emulation,87514976036,87515155102,87515184356,87515186357,87515187273,87525693783,87525693950,87525698367,87525735039,87527414815,True,True,13,,,,
reactive_osken,5,1,1,measured_emulation,92413867473,,,,,,,,92414182802,92416363648,True,True,14,92413926813,92413928063,92413928272,92414173718
persistent,18,1,1,measured_emulation,99669400843,99669447765,99669456307,99669456599,99669456974,99669465808,99669465850,99669466808,99669479101,99671620569,True,True,15,,,,
process_per_rule,30,1,1,measured_emulation,104518667263,104518742687,104518760021,104518761230,104518761730,104528429836,104528430044,104528433836,104528469590,104529918724,True,True,16,,,,
persistent,13,1,1,measured_emulation,111761925948,111761979286,111761989454,111761989829,111761990162,111762094962,111762095046,111762098546,111762120965,111763652135,True,True,17,,,,
persistent,25,1,1,measured_emulation,119023384692,119023432886,119023441883,119023442216,119023442591,119023464417,119023464459,119023465959,119023479621,119025825591,True,True,18,,,,
reactive_osken,3,1,1,measured_emulation,123772272586,,,,,,,,123772403760,123774747640,True,True,19,123772323906,123772325280,123772325530,123772395470
reactive_osken,9,1,1,measured_emulation,128892878565,,,,,,,,128893147755,128894721656,True,True,20,128892930137,128892931262,128892931512,128893135633
process_per_rule,27,1,1,measured_emulation,133833923414,133833996025,133834094132,133834094924,133834095382,133843977593,133843977760,133843981342,133844106236,133845995636,True,True,21,,,,
process_per_rule,21,1,1,measured_emulation,138891444446,138891522892,138891540431,138891541347,138891541681,138900941982,138900942148,138900946023,138900979559,138902617265,True,True,22,,,,
process_per_rule,14,1,1,measured_emulation,143881114122,143881206527,143881225358,143881226441,143881226608,143891396852,143891397018,143891401476,143891438388,143893919572,True,True,23,,,,
persistent,22,1,1,measured_emulation,151276572083,151276618578,151276627327,151276627619,151276627911,151276644992,151276645076,151276646534,151276660157,151278272918,True,True,24,,,,
persistent,2,1,1,measured_emulation,158537788846,158537848008,158537857632,158537857966,158537858424,158537870298,158537870340,158537871756,158537887089,158540793462,True,True,25,,,,
process_per_rule,15,1,1,measured_emulation,163467317679,163467417590,163467433256,163467434006,163467434464,163477534548,163477534715,163477540381,163477588587,163479383567,True,True,26,,,,
process_per_rule,2,1,1,measured_emulation,168397882373,168397953494,168397970119,168397970827,168397971244,168408149616,168408149783,168408153949,168408193364,168410338850,True,True,27,,,,
reactive_osken,6,1,1,measured_emulation,173308380991,,,,,,,,173308515820,173310500501,True,True,28,173308433947,173308435114,173308435322,173308507903
reactive_osken,17,1,1,measured_emulation,178564099226,,,,,,,,178564278013,178567892087,True,True,29,178564153766,178564154933,178564155100,178564269180
reactive_osken,20,1,1,measured_emulation,183688822345,,,,,,,,183689607831,183693842630,True,True,30,183689359169,183689361044,183689361502,183689592540
process_per_rule,10,1,1,measured_emulation,188686826905,188687132943,188687151276,188687152109,188687152484,188703679128,188703679295,188703683545,188703752503,188706629470,True,True,31,,,,
reactive_osken,29,1,1,measured_emulation,193671283185,,,,,,,,193671456601,193673788171,True,True,32,193671335810,193671337060,193671337268,193671447518
process_per_rule,5,1,1,measured_emulation,198994955221,198995094012,198995112596,198995113429,198995113929,199006118719,199006119010,199006124510,199006163385,199008430385,True,True,33,,,,
process_per_rule,23,1,1,measured_emulation,203915952914,203916227290,203916252290,203916253623,203916253998,203927767000,203927767167,203927774542,203927832875,203929343631,True,True,34,,,,
reactive_osken,7,1,1,measured_emulation,208766922465,,,,,,,,208767288926,208769192857,True,True,35,208766995008,208766996716,208766996966,208767279926
persistent,14,1,1,measured_emulation,216122749442,216122830610,216122846776,216122847401,216122848068,216122876818,216122876860,216122879318,216122904027,216125412471,True,True,36,,,,
reactive_osken,12,1,1,measured_emulation,220925816027,,,,,,,,220925974529,220927922430,True,True,37,220925881570,220925882986,220925883236,220925965446
reactive_osken,30,1,1,measured_emulation,226047525625,,,,,,,,226047670210,226049491613,True,True,38,226047584001,226047585334,226047585584,226047662085
reactive_osken,27,1,1,measured_emulation,230931640175,,,,,,,,230931937805,230936579592,True,True,39,230931753760,230931756261,230931756719,230931919555
process_per_rule,9,1,1,measured_emulation,235822785049,235822870842,235822886676,235822887259,235822887801,235839609942,235839610109,235839616109,235839665068,235842186989,True,True,40,,,,
persistent,6,1,1,measured_emulation,243122152690,243122205358,243122215650,243122216025,243122216483,243122259984,243122260067,243122264359,243122291026,243124121396,True,True,41,,,,
persistent,26,1,1,measured_emulation,250445818977,250445877355,250445888272,250445888689,250445889064,250445900189,250445900231,250445901522,250445918190,250447714812,True,True,42,,,,
persistent,7,1,1,measured_emulation,257781523226,257781587353,257781599854,257781600354,257781600854,257781624063,257781624105,257781625897,257781644564,257783925204,True,True,43,,,,
process_per_rule,4,1,1,measured_emulation,262666429512,262666501765,262666519307,262666520099,262666520432,262676303386,262676303594,262676308969,262676357555,262678113420,True,True,44,,,,
reactive_osken,25,1,1,measured_emulation,267615778653,,,,,,,,267616979203,267620420428,True,True,45,267616697816,267616702275,267616703358,267616962202
persistent,23,1,1,measured_emulation,274895285968,274895343011,274895354095,274895354512,274895355220,274895378305,274895378346,274895380180,274895396930,274897189460,True,True,46,,,,
reactive_osken,15,1,1,measured_emulation,279870726658,,,,,,,,279870852621,279872626648,True,True,47,279870778118,279870779326,279870779576,279870845287
process_per_rule,29,1,1,measured_emulation,284751938087,284752052050,284752069884,284752070675,284752071176,284761244943,284761245109,284761249693,284761285153,284763160224,True,True,48,,,,
process_per_rule,1,1,1,measured_emulation,290023809871,290023925709,290023951168,290023952418,290023952877,290040443993,290040444243,290040448243,290040487953,290042563947,True,True,49,,,,
persistent,3,1,1,measured_emulation,297331434742,297331491369,297331501953,297331502370,297331502745,297331546538,297331546580,297331549788,297331567247,297333178056,True,True,50,,,,
process_per_rule,3,1,1,measured_emulation,302480857597,302480918724,302480932975,302480933642,302480934017,302490497318,302490497568,302490501735,302490529736,302492414387,True,True,51,,,,
persistent,10,1,1,measured_emulation,309771871512,309771945890,309771960224,309771960807,309771961266,309771975016,309771975058,309771976558,309771997183,309775122210,True,True,52,,,,
reactive_osken,24,1,1,measured_emulation,314685969866,,,,,,,,314686148789,314687827888,True,True,53,314686069994,314686071369,314686071619,314686141413
process_per_rule,8,1,1,measured_emulation,319838779428,319838900723,319838928391,319838929808,319838930433,319858598479,319858598688,319858604605,319858659315,319863546482,True,True,54,,,,
reactive_osken,8,1,1,measured_emulation,324886919286,,,,,,,,324887489096,324892698106,True,True,55,324887237380,324887240755,324887241338,324887467054
reactive_osken,22,1,1,measured_emulation,329681406476,,,,,,,,329681807739,329687329924,True,True,56,329681566439,329681569940,329681570690,329681784363
process_per_rule,28,1,1,measured_emulation,334641615689,334641800821,334641844405,334641846405,334641847530,334660495231,334660495439,334660501023,334660548899,334663298865,True,True,57,,,,
process_per_rule,12,1,1,measured_emulation,339403239834,339403306711,339403322711,339403323336,339403323586,339412657809,339412657892,339412662476,339412702644,339414546162,True,True,58,,,,
reactive_osken,21,1,1,measured_emulation,344319362134,,,,,,,,344319580933,344322496694,True,True,59,344319444803,344319446470,344319446803,344319571349
persistent,1,1,1,measured_emulation,351614220161,351614288914,351614299122,351614299497,351614299872,351614312623,351614312664,351614314039,351614330832,351616971916,True,True,60,,,,
reactive_osken,16,1,1,measured_emulation,356477649188,,,,,,,,356477790776,356479683336,True,True,61,356477700856,356477702356,356477702648,356477781859
persistent,21,1,1,measured_emulation,364257247063,364257323857,364257336357,364257336816,364257337316,364257358483,364257358525,364257360275,364257379067,364260253449,True,True,62,,,,
persistent,27,1,1,measured_emulation,371622964905,371623092201,371623104034,371623104493,371623104826,371623128743,371623128827,371623130619,371623152119,371624907549,True,True,63,,,,
reactive_osken,14,1,1,measured_emulation,376701722669,,,,,,,,376701844214,376704487046,True,True,64,376701772045,376701773004,376701773170,376701837339
process_per_rule,11,1,1,measured_emulation,381857173825,381857280953,381857305454,381857306579,381857307037,381871598061,381871598228,381871602853,381871644479,381874300395,True,True,65,,,,
persistent,4,1,1,measured_emulation,389131883682,389131941058,389131951934,389131952309,389131952767,389131978518,389131978601,389131980310,389131997394,389133767198,True,True,66,,,,
persistent,16,1,1,measured_emulation,396438353504,396438493924,396438508842,396438509383,396438509925,396438524217,396438524259,396438525592,396438546134,396440700992,True,True,67,,,,
persistent,5,1,1,measured_emulation,403729100337,403729161672,403729172631,403729173048,403729173548,403729213341,403729213382,403729217091,403729235966,403731406699,True,True,68,,,,
reactive_osken,10,1,1,measured_emulation,408586414661,,,,,,,,408586612042,408590537577,True,True,69,408586493789,408586495622,408586496039,408586600375
process_per_rule,6,1,1,measured_emulation,413537898323,413538282418,413538365253,413538367003,413538368045,413552752894,413552753061,413552758269,413552803437,413555646856,True,True,70,,,,
process_per_rule,24,1,1,measured_emulation,418376150411,418376227830,418376244164,418376244747,418376245080,418386582265,418386582473,418386588765,418386635392,418389446684,True,True,71,,,,
persistent,29,1,1,measured_emulation,425715819474,425715950978,425715975103,425715976228,425715976978,425716114899,425716115066,425716121608,425716163442,425718989235,True,True,72,,,,
process_per_rule,26,1,1,measured_emulation,430534982039,430535166503,430535183087,430535183920,430535184462,430545150467,430545150634,430545155426,430545190052,430546959271,True,True,73,,,,
persistent,15,1,1,measured_emulation,437858549170,437858608963,437858619422,437858619755,437858620255,437858641798,437858641881,437858643381,437858660423,437860913573,True,True,74,,,,
reactive_osken,28,1,1,measured_emulation,442749910055,,,,,,,,442750162104,442751860030,True,True,75,442749956515,442749957473,442749957640,442750154521
reactive_osken,4,1,1,measured_emulation,447804700183,,,,,,,,447804833229,447807251217,True,True,76,447804755852,447804757060,447804757268,447804825687
persistent,8,1,1,measured_emulation,455097542736,455097604363,455097616030,455097616405,455097616697,455097651614,455097651656,455097654781,455097675323,455099799594,True,True,77,,,,
reactive_osken,13,1,1,measured_emulation,460095924834,,,,,,,,460096091131,460098194359,True,True,78,460095980002,460095981252,460095981461,460096082714
process_per_rule,19,1,1,measured_emulation,465050271614,465050384950,465050407868,465050408951,465050409493,465064339527,465064339777,465064344860,465064393237,465066788599,True,True,79,,,,
persistent,12,1,1,measured_emulation,472330994724,472331140895,472331153270,472331153812,472331154353,472331169354,472331169396,472331170854,472331189896,472333283874,True,True,80,,,,
reactive_osken,1,1,1,measured_emulation,477186439408,,,,,,,,477186579871,477188577513,True,True,81,477186493785,477186494952,477186495202,477186571579
persistent,24,1,1,measured_emulation,484477078740,484477138283,484477149575,484477149992,484477150284,484477164492,484477164534,484477165992,484477183493,484478714038,True,True,82,,,,
process_per_rule,18,1,1,measured_emulation,489368957801,489369131723,489369151890,489369152807,489369153265,489381679339,489381679547,489381689214,489381751758,489383815777,True,True,83,,,,
persistent,17,1,1,measured_emulation,496641822824,496641887742,496641900409,496641900868,496641901243,496641928577,496641928618,496641930368,496641948286,496645363094,True,True,84,,,,
persistent,20,1,1,measured_emulation,503947825342,503947890509,503947902384,503947904759,503947905175,503947953884,503947953967,503947957800,503947978509,503950385674,True,True,85,,,,
process_per_rule,22,1,1,measured_emulation,508936817722,508936885972,508936901514,508936902222,508936902764,508948490519,508948491061,508948499519,508948551519,508950605478,True,True,86,,,,
persistent,11,1,1,measured_emulation,516257955581,516258133207,516258144790,516258145207,516258145707,516258256374,516258256415,516258258374,516258278874,516260860920,True,True,87,,,,
reactive_osken,19,1,1,measured_emulation,521279231935,,,,,,,,521279373810,521281230773,True,True,88,521279289977,521279291227,521279291477,521279365643
reactive_osken,11,1,1,measured_emulation,526218177951,,,,,,,,526218442994,526221572797,True,True,89,526218280452,526218282702,526218283285,526218427410
persistent,9,1,1,measured_emulation,533513652306,533513715640,533513727723,533513728182,533513728557,533513796724,533513796765,533513800432,533513819390,533515729149,True,True,90,,,,
