evidence_level,mode,network_size,repetition,flow_count,install_sum_us,install_mean_us,ping_success,python_cpu_s,python_max_rss_kib,trial_index,block_position
measured_emulation,daim_process_per_rule,8,1,8,104479.161,13059.895125,1,0.047452,14976,1,1
measured_emulation,direct_ovs_cli,8,1,8,72169.133,9021.141625,1,0.06999,14976,2,2
measured_emulation,direct_osken,8,1,8,20842.883,2605.360375,1,0.10006999999999999,15104,3,3
measured_emulation,daim_persistent,8,1,8,42427.46,5303.4325,1,0.126685,15104,4,4
measured_emulation,daim_process_per_rule,16,1,16,202533.053,12658.3158125,1,0.16376200000000002,15488,5,1
measured_emulation,direct_osken,16,1,16,45964.531,2872.7831875,1,0.20314899999999997,15488,6,2
measured_emulation,daim_persistent,16,1,16,122728.114,7670.507125,1,0.25795199999999996,15616,7,3
measured_emulation,direct_ovs_cli,16,1,16,222262.28699999998,13891.392937499999,1,0.342066,15616,8,4
measured_emulation,direct_osken,32,1,32,321078.888,10033.71525,1,0.644881,16128,9,1
measured_emulation,daim_persistent,32,1,32,263905.294,8247.0404375,1,0.7643899999999999,16128,10,2
measured_emulation,daim_process_per_rule,32,1,32,475787.527,14868.36021875,1,0.8633109999999999,16256,11,3
measured_emulation,direct_ovs_cli,32,1,32,420549.941,13142.18565625,1,0.94983,16384,12,4
measured_emulation,direct_osken,64,1,64,686041.491,10719.398296875,1,1.081795,17408,13,1
measured_emulation,direct_ovs_cli,64,1,64,792171.512,12377.679875,1,1.2543099999999998,17408,14,2
measured_emulation,daim_process_per_rule,64,1,64,1175817.005,18372.140703125,1,1.752452,18048,15,3
measured_emulation,daim_persistent,64,1,64,2695937.306,42124.02040625,1,2.416769,18048,16,4
measured_emulation,direct_osken,8,2,8,8822.862000000001,1102.8577500000001,1,2.51189,18048,17,1
measured_emulation,direct_ovs_cli,8,2,8,283504.29,35438.03625,1,2.635274,18048,18,2
measured_emulation,daim_persistent,8,2,8,70439.004,8804.8755,1,2.7685569999999995,18048,19,3
measured_emulation,daim_process_per_rule,8,2,8,94967.538,11870.94225,1,2.79672,18048,20,4
measured_emulation,direct_osken,16,2,16,61346.028,3834.12675,1,2.879817,18048,21,1
measured_emulation,direct_ovs_cli,16,2,16,263023.642,16438.977625,1,3.0603679999999995,18048,22,2
measured_emulation,daim_persistent,16,2,16,107253.222,6703.326375,1,3.218091,18048,23,3
measured_emulation,daim_process_per_rule,16,2,16,223417.707,13963.6066875,1,3.2711569999999996,18048,24,4
measured_emulation,daim_process_per_rule,32,2,32,468544.583,14642.01821875,1,3.3759569999999997,18048,25,1
measured_emulation,direct_ovs_cli,32,2,32,820819.171,25650.59909375,1,3.677713,18048,26,2
measured_emulation,direct_osken,32,2,32,260922.448,8153.8265,1,3.8510530000000003,18048,27,3
measured_emulation,daim_persistent,32,2,32,1060194.944,33131.092,1,4.255167999999999,18048,28,4
measured_emulation,daim_persistent,64,2,64,2533716.068,39589.3135625,1,5.1193,18560,29,1
measured_emulation,direct_osken,64,2,64,3956466.863,61819.794734375,1,6.056439,19072,30,2
measured_emulation,daim_process_per_rule,64,2,64,972883.618,15201.30653125,1,6.873352000000001,19200,31,3
measured_emulation,direct_ovs_cli,64,2,64,796933.689,12452.088890625,1,7.062522,19584,32,4
measured_emulation,direct_osken,8,3,8,13574.988,1696.8735,1,7.11462,19584,33,1
measured_emulation,direct_ovs_cli,8,3,8,305322.683,38165.335375,1,7.182385,19584,34,2
measured_emulation,daim_persistent,8,3,8,47749.784,5968.723,1,7.238027000000001,19584,35,3
measured_emulation,daim_process_per_rule,8,3,8,98194.373,12274.296625,1,7.260149999999999,19584,36,4
measured_emulation,daim_process_per_rule,16,3,16,236702.291,14793.8931875,1,7.302587,19584,37,1
measured_emulation,direct_osken,16,3,16,48277.027,3017.3141875,1,7.3608340000000005,19584,38,2
measured_emulation,direct_ovs_cli,16,3,16,152417.132,9526.07075,1,7.417026,19584,39,3
measured_emulation,daim_persistent,16,3,16,103195.219,6449.7011875,1,7.472764,19584,40,4
measured_emulation,direct_osken,32,3,32,224964.295,7030.13421875,1,7.5510459999999995,19584,41,1
measured_emulation,direct_ovs_cli,32,3,32,864275.113,27008.59728125,1,7.748383,19584,42,2
measured_emulation,daim_persistent,32,3,32,361425.245,11294.53890625,1,7.873182,19712,43,3
measured_emulation,daim_process_per_rule,32,3,32,545676.585,17052.39328125,1,8.012350999999999,19712,44,4
measured_emulation,daim_persistent,64,3,64,850631.571,13291.118296875,1,8.19315,20096,45,1
measured_emulation,direct_osken,64,3,64,889179.774,13893.43396875,1,8.351041,20352,46,2
measured_emulation,daim_process_per_rule,64,3,64,1021741.086,15964.70446875,1,8.535433,20608,47,3
measured_emulation,direct_ovs_cli,64,3,64,1262672.332,19729.2551875,1,8.776307,20736,48,4
measured_emulation,direct_osken,8,4,8,18994.46,2374.3075,1,8.830016,20736,49,1
measured_emulation,direct_ovs_cli,8,4,8,78135.371,9766.921375,1,8.856796,20736,50,2
measured_emulation,daim_process_per_rule,8,4,8,102556.76000000001,12819.595000000001,1,8.879269,20736,51,3
measured_emulation,daim_persistent,8,4,8,40667.464,5083.433,1,8.902180000000001,20736,52,4
measured_emulation,daim_persistent,16,4,16,106331.904,6645.744,1,8.948606,20736,53,1
measured_emulation,daim_process_per_rule,16,4,16,199335.794,12458.487125,1,8.995557,20736,54,2
measured_emulation,direct_osken,16,4,16,36086.5,2255.40625,1,9.040946,20736,55,3
measured_emulation,direct_ovs_cli,16,4,16,152704.004,9544.00025,1,9.086444,20736,56,4
measured_emulation,direct_ovs_cli,32,4,32,335661.524,10489.422625,1,9.171708,20736,57,1
measured_emulation,daim_process_per_rule,32,4,32,414871.949,12964.74840625,1,9.258471,21120,58,2
measured_emulation,daim_persistent,32,4,32,270929.45,8466.5453125,1,9.363584,21248,59,3
measured_emulation,direct_osken,32,4,32,171748.90600000002,5367.1533125000005,1,9.446615,21248,60,4
measured_emulation,daim_process_per_rule,64,4,64,1058336.863,16536.513484375,1,9.608047,21248,61,1
measured_emulation,direct_ovs_cli,64,4,64,805672.84,12588.638125,1,9.780937,21248,62,2
measured_emulation,direct_osken,64,4,64,719305.27,11239.14484375,1,9.933183,21248,63,3
measured_emulation,daim_persistent,64,4,64,844345.172,13192.8933125,1,10.119698,21248,64,4
measured_emulation,daim_persistent,8,5,8,40699.674,5087.45925,1,10.173766,21248,65,1
measured_emulation,direct_osken,8,5,8,21926.359,2740.794875,1,10.198162,21248,66,2
measured_emulation,direct_ovs_cli,8,5,8,74249.314,9281.16425,1,10.219901,21248,67,3
measured_emulation,daim_process_per_rule,8,5,8,100590.555,12573.819375,1,10.242913,21248,68,4
measured_emulation,daim_persistent,16,5,16,99818.042,6238.627625,1,10.287607,21248,69,1
measured_emulation,direct_osken,16,5,16,28597.611,1787.3506875,1,10.328139,21248,70,2
measured_emulation,daim_process_per_rule,16,5,16,209618.21,13101.138125,1,10.374868,21248,71,3
measured_emulation,direct_ovs_cli,16,5,16,149028.7,9314.29375,1,10.41958,21248,72,4
measured_emulation,direct_ovs_cli,32,5,32,311186.314,9724.5723125,1,10.495398,21248,73,1
measured_emulation,daim_process_per_rule,32,5,32,429511.551,13422.23596875,1,10.585475,21248,74,2
measured_emulation,daim_persistent,32,5,32,284703.171,8896.97409375,1,10.676743,21248,75,3
measured_emulation,direct_osken,32,5,32,161931.806,5060.3689375,1,10.764875,21248,76,4
measured_emulation,direct_ovs_cli,64,5,64,778655.85,12166.49765625,1,10.925087,21248,77,1
measured_emulation,direct_osken,64,5,64,733812.265,11465.816640625,1,11.098839,21248,78,2
measured_emulation,daim_persistent,64,5,64,822569.219,12852.644046875,1,11.291808,21248,79,3
measured_emulation,daim_process_per_rule,64,5,64,1004997.954,15703.09303125,1,11.470517,21248,80,4
measured_emulation,daim_process_per_rule,8,6,8,103802.028,12975.2535,1,11.518356999999998,21248,81,1
measured_emulation,daim_persistent,8,6,8,42365.757,5295.719625,1,11.544778,21248,82,2
measured_emulation,direct_ovs_cli,8,6,8,75633.142,9454.14275,1,11.566583,21248,83,3
measured_emulation,direct_osken,8,6,8,9523.472,1190.434,1,11.593798,21248,84,4
measured_emulation,daim_process_per_rule,16,6,16,205949.082,12871.817625,1,11.638359999999999,21248,85,1
measured_emulation,direct_osken,16,6,16,45898.554,2868.659625,1,11.690761,21248,86,2
measured_emulation,daim_persistent,16,6,16,104135.409,6508.4630625,1,11.739985,21248,87,3
measured_emulation,direct_ovs_cli,16,6,16,152489.331,9530.5831875,1,11.783464,21248,88,4
measured_emulation,direct_ovs_cli,32,6,32,318060.236,9939.382375,1,11.864951999999999,21248,89,1
measured_emulation,daim_process_per_rule,32,6,32,417408.624,13044.0195,1,11.954308,21248,90,2
measured_emulation,direct_osken,32,6,32,177185.734,5537.0541875,1,12.029957999999999,21248,91,3
measured_emulation,daim_persistent,32,6,32,264930.661,8279.08315625,1,12.123469,21248,92,4
measured_emulation,daim_persistent,64,6,64,817468.041,12772.938140625,1,12.293336,21504,93,1
measured_emulation,direct_osken,64,6,64,781968.405,12218.256328125,1,12.448916,21504,94,2
measured_emulation,daim_process_per_rule,64,6,64,985601.427,15400.022296875,1,12.632859,21888,95,3
measured_emulation,direct_ovs_cli,64,6,64,793390.632,12396.728625,1,12.814146000000001,22144,96,4
measured_emulation,daim_process_per_rule,8,7,8,104184.217,13023.027125,1,12.864033,22144,97,1
measured_emulation,direct_ovs_cli,8,7,8,78947.811,9868.476375,1,12.889979,22144,98,2
measured_emulation,daim_persistent,8,7,8,39807.953,4975.994125,1,12.914992000000002,22144,99,3
measured_emulation,direct_osken,8,7,8,5529.39,691.17375,1,12.939603,22144,100,4
measured_emulation,daim_process_per_rule,16,7,16,202691.259,12668.2036875,1,12.980411,22144,101,1
measured_emulation,direct_ovs_cli,16,7,16,149512.877,9344.5548125,1,13.024016,22144,102,2
measured_emulation,daim_persistent,16,7,16,100363.431,6272.7144375,1,13.070718999999999,22144,103,3
measured_emulation,direct_osken,16,7,16,46458.75,2903.671875,1,13.111853,22144,104,4
measured_emulation,daim_persistent,32,7,32,269262.695,8414.45921875,1,13.202513,22144,105,1
measured_emulation,daim_process_per_rule,32,7,32,423423.4,13231.98125,1,13.299104,22144,106,2
measured_emulation,direct_ovs_cli,32,7,32,317386.123,9918.31634375,1,13.393431,22144,107,3
measured_emulation,direct_osken,32,7,32,179454.187,5607.94334375,1,13.470255,22144,108,4
measured_emulation,direct_osken,64,7,64,771972.056,12062.063375,1,13.606705,22656,109,1
measured_emulation,daim_process_per_rule,64,7,64,999306.329,15614.161390625,1,13.797128,23040,110,2
measured_emulation,direct_ovs_cli,64,7,64,773936.905,12092.764140625,1,13.969062000000001,23040,111,3
measured_emulation,daim_persistent,64,7,64,815892.899,12748.326546875,1,14.150891000000001,23424,112,4
measured_emulation,direct_osken,8,8,8,12793.737,1599.217125,1,14.203927,23424,113,1
measured_emulation,daim_persistent,8,8,8,94234.137,11779.267125,1,14.252633,23424,114,2
measured_emulation,daim_process_per_rule,8,8,8,223539.451,27942.431375,1,14.315957999999998,23424,115,3
measured_emulation,direct_ovs_cli,8,8,8,112344.583,14043.072875,1,14.3504,23424,116,4
measured_emulation,direct_osken,16,8,16,125923.877,7870.2423125,1,14.434648,23424,117,1
measured_emulation,daim_process_per_rule,16,8,16,367981.107,22998.8191875,1,14.532127,23424,118,2
measured_emulation,direct_ovs_cli,16,8,16,452983.451,28311.4656875,1,14.629879,23424,119,3
measured_emulation,daim_persistent,16,8,16,143740.621,8983.7888125,1,14.703199000000001,23424,120,4
measured_emulation,daim_process_per_rule,32,8,32,922549.912,28829.68475,1,14.875737999999998,23424,121,1
measured_emulation,daim_persistent,32,8,32,415791.227,12993.47584375,1,15.049083,23552,122,2
measured_emulation,direct_osken,32,8,32,705974.343,22061.69821875,1,15.236593000000001,23552,123,3
measured_emulation,direct_ovs_cli,32,8,32,781071.764,24408.492625,1,15.419488,23552,124,4
measured_emulation,daim_process_per_rule,64,8,64,2024519.335,31633.114609375,1,15.755018,24192,125,1
measured_emulation,direct_osken,64,8,64,2196218.288,34315.91075,1,16.328393,24192,126,2
measured_emulation,daim_persistent,64,8,64,1366706.222,21354.78471875,1,16.793613,24192,127,3
measured_emulation,direct_ovs_cli,64,8,64,1509611.765,23587.683828125,1,17.209355,24192,128,4
measured_emulation,direct_ovs_cli,8,9,8,202745.23,25343.15375,1,17.329971,24192,129,1
measured_emulation,daim_process_per_rule,8,9,8,249856.914,31232.11425,1,17.367093999999998,24192,130,2
measured_emulation,daim_persistent,8,9,8,64364.792,8045.599,1,17.413229,24192,131,3
measured_emulation,direct_osken,8,9,8,33485.743,4185.717875,1,17.448135,24192,132,4
measured_emulation,direct_osken,16,9,16,73248.55,4578.034375,1,17.508873,24192,133,1
measured_emulation,direct_ovs_cli,16,9,16,364004.759,22750.2974375,1,17.604484,24192,134,2
measured_emulation,daim_process_per_rule,16,9,16,694867.593,43429.2245625,1,17.719038,24192,135,3
measured_emulation,daim_persistent,16,9,16,140124.29,8757.768125,1,17.791392,24192,136,4
measured_emulation,daim_persistent,32,9,32,390745.03,12210.7821875,1,17.989429,24192,137,1
measured_emulation,direct_ovs_cli,32,9,32,879085.191,27471.41221875,1,18.27703,24192,138,2
measured_emulation,direct_osken,32,9,32,605444.885,18920.15265625,1,18.474413,24192,139,3
measured_emulation,daim_process_per_rule,32,9,32,1419285.464,44352.67075,1,18.675082,24192,140,4
measured_emulation,daim_process_per_rule,64,9,64,2446515.793,38226.809265625,1,19.101517,24192,141,1
measured_emulation,daim_persistent,64,9,64,1315725.381,20558.209078125,1,19.566946,24192,142,2
measured_emulation,direct_ovs_cli,64,9,64,1963589.365,30681.083828125,1,20.108153,24192,143,3
measured_emulation,direct_osken,64,9,64,9662299.708,150973.4329375,1,21.21467,24192,144,4
measured_emulation,daim_process_per_rule,8,10,8,581929.68,72741.21,1,21.529636,24192,145,1
measured_emulation,direct_ovs_cli,8,10,8,415926.492,51990.8115,1,21.825172000000002,24192,146,2
measured_emulation,daim_persistent,8,10,8,232470.403,29058.800375,1,22.008962,24192,147,3
measured_emulation,direct_osken,8,10,8,16736.666999999998,2092.0833749999997,1,22.043334,24192,148,4
measured_emulation,direct_ovs_cli,16,10,16,511941.88,31996.3675,1,22.141629000000002,24192,149,1
measured_emulation,daim_process_per_rule,16,10,16,577393.431,36087.0894375,1,22.23577,24192,150,2
measured_emulation,daim_persistent,16,10,16,156240.615,9765.0384375,1,22.379587,24192,151,3
measured_emulation,direct_osken,16,10,16,41296.872,2581.0545,1,22.499867000000002,24192,152,4
measured_emulation,daim_process_per_rule,32,10,32,528390.909,16512.21590625,1,22.633284,24192,153,1
measured_emulation,daim_persistent,32,10,32,378979.94299999997,11843.123218749999,1,22.819769,24192,154,2
measured_emulation,direct_osken,32,10,32,185095.821,5784.24440625,1,22.940853999999998,24192,155,3
measured_emulation,direct_ovs_cli,32,10,32,319507.498,9984.6093125,1,23.030688,24192,156,4
measured_emulation,direct_ovs_cli,64,10,64,801917.099,12529.954671875,1,23.189729,24320,157,1
measured_emulation,daim_persistent,64,10,64,819175.504,12799.61725,1,23.377468,24320,158,2
measured_emulation,direct_osken,64,10,64,789689.079,12338.891859375,1,23.534025,24448,159,3
measured_emulation,daim_process_per_rule,64,10,64,995443.601,15553.806265625,1,23.758466000000002,24448,160,4
measured_emulation,daim_persistent,8,11,8,46482.87,5810.35875,1,23.812777,24448,161,1
measured_emulation,daim_process_per_rule,8,11,8,130905.16,16363.145,1,23.862595,24448,162,2
measured_emulation,direct_ovs_cli,8,11,8,81900.991,10237.623875,1,23.892584,24448,163,3
measured_emulation,direct_osken,8,11,8,14263.732,1782.9665,1,23.925203,24448,164,4
measured_emulation,daim_persistent,16,11,16,98824.792,6176.5495,1,23.971431,24448,165,1
measured_emulation,direct_ovs_cli,16,11,16,152240.221,9515.0138125,1,24.016828,24448,166,2
measured_emulation,daim_process_per_rule,16,11,16,204107.196,12756.69975,1,24.063506000000004,24448,167,3
measured_emulation,direct_osken,16,11,16,67181.988,4198.87425,1,24.112363000000002,24448,168,4
measured_emulation,daim_persistent,32,11,32,299150.984,9348.46825,1,24.204233000000002,24448,169,1
measured_emulation,direct_ovs_cli,32,11,32,332798.768,10399.9615,1,24.358467,24448,170,2
measured_emulation,daim_process_per_rule,32,11,32,438949.143,13717.16071875,1,24.447631,24448,171,3
measured_emulation,direct_osken,32,11,32,195141.605,6098.17515625,1,24.542646,24448,172,4
measured_emulation,direct_ovs_cli,64,11,64,930353.936,14536.78025,1,24.754707000000003,24448,173,1
measured_emulation,daim_process_per_rule,64,11,64,1321505.304,20648.520375,1,25.121904999999998,24448,174,2
measured_emulation,direct_osken,64,11,64,748562.8369999999,11696.294328124999,1,25.338821000000003,24448,175,3
measured_emulation,daim_persistent,64,11,64,1088287.702,17004.49534375,1,25.772880999999998,24448,176,4
measured_emulation,direct_osken,8,12,8,10365.347,1295.668375,1,25.833894,24448,177,1
measured_emulation,direct_ovs_cli,8,12,8,79585.32,9948.165,1,25.857574999999997,24448,178,2
measured_emulation,daim_persistent,8,12,8,40356.134,5044.51675,1,25.881451000000002,24448,179,3
measured_emulation,daim_process_per_rule,8,12,8,104104.121,13013.015125,1,25.903119,24448,180,4
measured_emulation,direct_ovs_cli,16,12,16,147631.86,9226.99125,1,25.944735,24448,181,1
measured_emulation,daim_process_per_rule,16,12,16,197911.429,12369.4643125,1,25.987347,24448,182,2
measured_emulation,daim_persistent,16,12,16,95597.37299999999,5974.8358124999995,1,26.033442,24448,183,3
measured_emulation,direct_osken,16,12,16,41143.86,2571.49125,1,26.075678000000003,24448,184,4
measured_emulation,daim_process_per_rule,32,12,32,404870.158,12652.1924375,1,26.150784,24448,185,1
measured_emulation,direct_osken,32,12,32,180692.642,5646.6450625,1,26.22513,24448,186,2
measured_emulation,daim_persistent,32,12,32,256501.795,8015.68109375,1,26.310553,24448,187,3
measured_emulation,direct_ovs_cli,32,12,32,307240.852,9601.276625,1,26.389187,24448,188,4
measured_emulation,direct_osken,64,12,64,720324.828,11255.0754375,1,26.527221,24448,189,1
measured_emulation,daim_persistent,64,12,64,819872.068,12810.5010625,1,26.703013,24448,190,2
measured_emulation,daim_process_per_rule,64,12,64,985260.507,15394.695421875,1,26.867839,24448,191,3
measured_emulation,direct_ovs_cli,64,12,64,802604.674,12540.69803125,1,27.048035,24448,192,4
measured_emulation,daim_process_per_rule,8,13,8,106812.239,13351.529875,1,27.093756,24448,193,1
measured_emulation,daim_persistent,8,13,8,38499.992,4812.499,1,27.117547000000002,24448,194,2
measured_emulation,direct_ovs_cli,8,13,8,76561.878,9570.23475,1,27.140085,24448,195,3
measured_emulation,direct_osken,8,13,8,14751.856,1843.982,1,27.165001,24448,196,4
measured_emulation,direct_osken,16,13,16,46461.374,2903.835875,1,27.201724000000002,24448,197,1
measured_emulation,daim_process_per_rule,16,13,16,201365.938,12585.371125,1,27.245164000000003,24448,198,2
measured_emulation,daim_persistent,16,13,16,101463.662,6341.478875,1,27.299516999999998,24448,199,3
measured_emulation,direct_ovs_cli,16,13,16,155834.471,9739.6544375,1,27.344377,24448,200,4
measured_emulation,direct_ovs_cli,32,13,32,327162.722,10223.8350625,1,27.423164,24448,201,1
measured_emulation,direct_osken,32,13,32,197274.421,6164.82565625,1,27.503313,24448,202,2
measured_emulation,daim_persistent,32,13,32,293111.30700000003,9159.728343750001,1,27.597701999999998,24448,203,3
measured_emulation,daim_process_per_rule,32,13,32,411012.371,12844.13659375,1,27.682059000000002,24448,204,4
measured_emulation,direct_osken,64,13,64,737499.59,11523.43109375,1,27.811098,24448,205,1
measured_emulation,daim_process_per_rule,64,13,64,1000590.063,15634.219734375,1,27.981223999999997,24448,206,2
measured_emulation,direct_ovs_cli,64,13,64,758273.47,11848.02296875,1,28.141658,24448,207,3
measured_emulation,daim_persistent,64,13,64,854581.694,13352.83896875,1,28.317999,24448,208,4
measured_emulation,daim_process_per_rule,8,14,8,104847.471,13105.933875,1,28.365742,24448,209,1
measured_emulation,daim_persistent,8,14,8,43665.503,5458.187875,1,28.3903,24448,210,2
measured_emulation,direct_ovs_cli,8,14,8,75809.793,9476.224125,1,28.411995,24448,211,3
measured_emulation,direct_osken,8,14,8,11366.074,1420.75925,1,28.434379,24448,212,4
measured_emulation,direct_ovs_cli,16,14,16,148832.612,9302.03825,1,28.47297,24448,213,1
measured_emulation,direct_osken,16,14,16,55468.889,3466.8055625,1,28.513119,24448,214,2
measured_emulation,daim_process_per_rule,16,14,16,200525.473,12532.8420625,1,28.557077,24448,215,3
measured_emulation,daim_persistent,16,14,16,106827.72899999999,6676.7330624999995,1,28.605364,24448,216,4
measured_emulation,daim_persistent,32,14,32,255016.201,7969.25628125,1,28.689359,24448,217,1
measured_emulation,daim_process_per_rule,32,14,32,408947.022,12779.5944375,1,28.772529999999996,24448,218,2
measured_emulation,direct_osken,32,14,32,225407.034,7043.9698125,1,28.853456,24448,219,3
measured_emulation,direct_ovs_cli,32,14,32,309485.216,9671.413,1,28.935979,24448,220,4
measured_emulation,daim_process_per_rule,64,14,64,1001737.779,15652.152796875,1,29.087362,24448,221,1
measured_emulation,direct_osken,64,14,64,708554.686,11071.16696875,1,29.238452000000002,24448,222,2
measured_emulation,daim_persistent,64,14,64,787460.971,12304.077671875,1,29.41734,24576,223,3
measured_emulation,direct_ovs_cli,64,14,64,787214.504,12300.226625,1,29.58155,24576,224,4
measured_emulation,direct_ovs_cli,8,15,8,79009.895,9876.236875,1,29.630476,24576,225,1
measured_emulation,direct_osken,8,15,8,17059.532,2132.4415,1,29.653201000000003,24576,226,2
measured_emulation,daim_process_per_rule,8,15,8,104668.813,13083.601625,1,29.675246,24576,227,3
measured_emulation,daim_persistent,8,15,8,37705.064,4713.133,1,29.697493,24576,228,4
measured_emulation,daim_process_per_rule,16,15,16,202691.664,12668.229,1,29.734798,24576,229,1
measured_emulation,direct_ovs_cli,16,15,16,150799.517,9424.9698125,1,29.776654,24576,230,2
measured_emulation,direct_osken,16,15,16,41345.525,2584.0953125,1,29.815947,24576,231,3
measured_emulation,daim_persistent,16,15,16,96750.798,6046.924875,1,29.860708,24576,232,4
measured_emulation,direct_osken,32,15,32,154162.672,4817.5835,1,29.929852,24576,233,1
measured_emulation,daim_persistent,32,15,32,259312.217,8103.50678125,1,30.017380000000003,24576,234,2
measured_emulation,direct_ovs_cli,32,15,32,314516.813,9828.65040625,1,30.098333,24576,235,3
measured_emulation,daim_process_per_rule,32,15,32,414871.215,12964.72546875,1,30.182696,24576,236,4
measured_emulation,daim_persistent,64,15,64,790046.1849999999,12344.471640624999,1,30.346831,24576,237,1
measured_emulation,direct_ovs_cli,64,15,64,757530.664,11836.416625,1,30.510776999999997,24576,238,2
measured_emulation,direct_osken,64,15,64,754815.96,11793.999375,1,30.653914,24576,239,3
measured_emulation,daim_process_per_rule,64,15,64,992005.72,15500.089375,1,30.822352,24576,240,4
measured_emulation,direct_ovs_cli,8,16,8,81631.958,10203.99475,1,30.868584,24576,241,1
measured_emulation,daim_process_per_rule,8,16,8,104563.03,13070.37875,1,30.890902,24576,242,2
measured_emulation,daim_persistent,8,16,8,39607.158,4950.89475,1,30.915923,24576,243,3
measured_emulation,direct_osken,8,16,8,13711.044,1713.8805,1,30.940210999999998,24576,244,4
measured_emulation,direct_osken,16,16,16,45674.137,2854.6335625,1,30.980739,24576,245,1
measured_emulation,daim_persistent,16,16,16,95893.221,5993.3263125,1,31.025228,24576,246,2
measured_emulation,daim_process_per_rule,16,16,16,200751.70500000002,12546.981562500001,1,31.067659,24576,247,3
measured_emulation,direct_ovs_cli,16,16,16,148524.088,9282.7555,1,31.10938,24576,248,4
measured_emulation,daim_persistent,32,16,32,255526.562,7985.2050625,1,31.192850999999997,24576,249,1
measured_emulation,direct_osken,32,16,32,187011.238,5844.1011875,1,31.273585,24576,250,2
measured_emulation,daim_process_per_rule,32,16,32,416977.698,13030.5530625,1,31.360927,24576,251,3
measured_emulation,direct_ovs_cli,32,16,32,307301.341,9603.16690625,1,31.446957,24576,252,4
measured_emulation,direct_osken,64,16,64,732183.284,11440.3638125,1,31.578695000000003,24576,253,1
measured_emulation,direct_ovs_cli,64,16,64,765676.628,11963.6973125,1,31.741939,24576,254,2
measured_emulation,daim_process_per_rule,64,16,64,1018673.565,15916.774453125,1,31.905492,24576,255,3
measured_emulation,daim_persistent,64,16,64,775025.063,12109.766609375,1,32.081045,24576,256,4
measured_emulation,direct_ovs_cli,8,17,8,78061.881,9757.735125,1,32.126731,24576,257,1
measured_emulation,daim_persistent,8,17,8,42377.636,5297.2045,1,32.150031,24576,258,2
measured_emulation,daim_process_per_rule,8,17,8,102182.895,12772.861875,1,32.172521,24576,259,3
measured_emulation,direct_osken,8,17,8,12247.577,1530.947125,1,32.1974,24576,260,4
measured_emulation,direct_osken,16,17,16,41329.34,2583.08375,1,32.234253,24576,261,1
measured_emulation,direct_ovs_cli,16,17,16,147480.902,9217.556375,1,32.276837,24576,262,2
measured_emulation,daim_process_per_rule,16,17,16,201335.728,12583.483,1,32.320145000000004,24576,263,3
measured_emulation,daim_persistent,16,17,16,113184.625,7074.0390625,1,32.367346999999995,24576,264,4
measured_emulation,daim_process_per_rule,32,17,32,417009.311,13031.54096875,1,32.443629,24576,265,1
measured_emulation,direct_ovs_cli,32,17,32,314539.069,9829.34590625,1,32.526457,24576,266,2
measured_emulation,direct_osken,32,17,32,164260.089,5133.12778125,1,32.625591,24576,267,3
measured_emulation,daim_persistent,32,17,32,254660.438,7958.1386875,1,32.715062,24576,268,4
measured_emulation,direct_ovs_cli,64,17,64,743096.956,11610.8899375,1,32.858315,24576,269,1
measured_emulation,direct_osken,64,17,64,700533.525,10945.836328125,1,33.002618,24576,270,2
measured_emulation,daim_process_per_rule,64,17,64,996319.002,15567.48440625,1,33.166636,24576,271,3
measured_emulation,daim_persistent,64,17,64,821119.164,12829.9869375,1,33.340903999999995,24576,272,4
measured_emulation,direct_ovs_cli,8,18,8,79834.856,9979.357,1,33.386511,24576,273,1
measured_emulation,direct_osken,8,18,8,8139.793,1017.474125,1,33.407618,24576,274,2
measured_emulation,daim_persistent,8,18,8,39695.377,4961.922125,1,33.432626,24576,275,3
measured_emulation,daim_process_per_rule,8,18,8,103626.591,12953.323875,1,33.455928,24576,276,4
measured_emulation,direct_osken,16,18,16,49852.699,3115.7936875,1,33.49116,24576,277,1
measured_emulation,daim_process_per_rule,16,18,16,203299.44700000001,12706.215437500001,1,33.537009,24576,278,2
measured_emulation,direct_ovs_cli,16,18,16,148461.902,9278.868875,1,33.577269,24576,279,3
measured_emulation,daim_persistent,16,18,16,93601.263,5850.0789375,1,33.62362,24576,280,4
measured_emulation,daim_persistent,32,18,32,266373.704,8324.17825,1,33.706289,24576,281,1
measured_emulation,direct_osken,32,18,32,216978.739,6780.58559375,1,33.781313,24576,282,2
measured_emulation,direct_ovs_cli,32,18,32,312113.75800000003,9753.554937500001,1,33.861537999999996,24576,283,3
measured_emulation,daim_process_per_rule,32,18,32,420861.602,13151.9250625,1,33.945152,24576,284,4
measured_emulation,direct_osken,64,18,64,715336.879,11177.138734375,1,34.08074,24576,285,1
measured_emulation,daim_persistent,64,18,64,793256.323,12394.630046875,1,34.253553,24576,286,2
measured_emulation,daim_process_per_rule,64,18,64,971681.362,15182.52128125,1,34.421394,24576,287,3
measured_emulation,direct_ovs_cli,64,18,64,773113.942,12079.90534375,1,34.58188,24576,288,4
measured_emulation,direct_ovs_cli,8,19,8,78615.282,9826.91025,1,34.630252,24576,289,1
measured_emulation,direct_osken,8,19,8,10888.28,1361.035,1,34.653997000000004,24576,290,2
measured_emulation,daim_process_per_rule,8,19,8,106014.735,13251.841875,1,34.677306,24576,291,3
measured_emulation,daim_persistent,8,19,8,40527.271,5065.908875,1,34.702608,24576,292,4
measured_emulation,direct_ovs_cli,16,19,16,147823.861,9238.9913125,1,34.74268,24576,293,1
measured_emulation,daim_persistent,16,19,16,94590.511,5911.9069375,1,34.790137,24576,294,2
measured_emulation,daim_process_per_rule,16,19,16,199897.62,12493.60125,1,34.834236000000004,24576,295,3
measured_emulation,direct_osken,16,19,16,51932.426999999996,3245.7766874999998,1,34.873298,24576,296,4
measured_emulation,direct_ovs_cli,32,19,32,307140.524,9598.141375,1,34.947234,24576,297,1
measured_emulation,direct_osken,32,19,32,216100.895,6753.15296875,1,35.025355,24576,298,2
measured_emulation,daim_process_per_rule,32,19,32,410977.23,12843.0384375,1,35.108346,24576,299,3
measured_emulation,daim_persistent,32,19,32,266711.516,8334.734875,1,35.200088,24576,300,4
measured_emulation,daim_persistent,64,19,64,790992.566,12359.25884375,1,35.362424000000004,24576,301,1
measured_emulation,daim_process_per_rule,64,19,64,1003634.317,15681.786203125,1,35.529301000000004,24576,302,2
measured_emulation,direct_ovs_cli,64,19,64,770680.69,12041.88578125,1,35.689593,24576,303,3
measured_emulation,direct_osken,64,19,64,701647.605,10963.243828125,1,35.839909000000006,24576,304,4
measured_emulation,daim_process_per_rule,8,20,8,103897.481,12987.185125,1,35.889202999999995,24576,305,1
measured_emulation,direct_osken,8,20,8,11354.038,1419.25475,1,35.915001000000004,24576,306,2
measured_emulation,direct_ovs_cli,8,20,8,74842.15,9355.26875,1,35.936998,24576,307,3
measured_emulation,daim_persistent,8,20,8,47109.716,5888.7145,1,35.960574,24576,308,4
measured_emulation,daim_process_per_rule,16,20,16,200758.84,12547.4275,1,35.999637,24576,309,1
measured_emulation,direct_osken,16,20,16,41147.198000000004,2571.6998750000002,1,36.038650000000004,24576,310,2
measured_emulation,direct_ovs_cli,16,20,16,147135.9,9195.99375,1,36.081036,24576,311,3
measured_emulation,daim_persistent,16,20,16,97027.921,6064.2450625,1,36.129934,24576,312,4
measured_emulation,daim_process_per_rule,32,20,32,410474.793,12827.33728125,1,36.207863,24576,313,1
measured_emulation,direct_ovs_cli,32,20,32,312123.68200000003,9753.865062500001,1,36.290278,24576,314,2
measured_emulation,daim_persistent,32,20,32,261827.567,8182.11146875,1,36.377864,24576,315,3
measured_emulation,direct_osken,32,20,32,170749.192,5335.91225,1,36.453826,24576,316,4
measured_emulation,daim_process_per_rule,64,20,64,1005866.053,15716.657078125,1,36.60332,24576,317,1
measured_emulation,direct_osken,64,20,64,792764.193,12386.940515625,1,36.752228,24576,318,2
measured_emulation,daim_persistent,64,20,64,803906.8640000001,12561.044750000001,1,36.934179,24576,319,3
measured_emulation,direct_ovs_cli,64,20,64,768662.29,12010.34828125,1,37.093187,24576,320,4
measured_emulation,direct_ovs_cli,8,21,8,83444.318,10430.53975,1,37.142522,24576,321,1
measured_emulation,daim_persistent,8,21,8,38607.306,4825.91325,1,37.166944,24576,322,2
measured_emulation,daim_process_per_rule,8,21,8,106994.988,13374.3735,1,37.191176,24576,323,3
measured_emulation,direct_osken,8,21,8,10819.365,1352.420625,1,37.213703,24576,324,4
measured_emulation,daim_process_per_rule,16,21,16,195189.825,12199.3640625,1,37.256772,24576,325,1
measured_emulation,direct_osken,16,21,16,42820.779,2676.2986875,1,37.297388,24576,326,2
measured_emulation,direct_ovs_cli,16,21,16,152214.041,9513.3775625,1,37.339845000000004,24576,327,3
measured_emulation,daim_persistent,16,21,16,109386.546,6836.659125,1,37.386742999999996,24576,328,4
measured_emulation,daim_process_per_rule,32,21,32,408078.804,12752.462625,1,37.463742,24576,329,1
measured_emulation,direct_ovs_cli,32,21,32,307405.89,9606.4340625,1,37.543266,24576,330,2
measured_emulation,direct_osken,32,21,32,183300.542,5728.1419375,1,37.619938000000005,24576,331,3
measured_emulation,daim_persistent,32,21,32,291581.354,9111.9173125,1,37.708271,24576,332,4
measured_emulation,direct_osken,64,21,64,701367.09,10958.86078125,1,37.836943,24832,333,1
measured_emulation,daim_persistent,64,21,64,801082.105,12516.907890625,1,38.026169,24832,334,2
measured_emulation,daim_process_per_rule,64,21,64,1020129.249,15939.519515625,1,38.192529,24960,335,3
measured_emulation,direct_ovs_cli,64,21,64,771067.651,12047.932046875,1,38.35644,24960,336,4
measured_emulation,daim_process_per_rule,8,22,8,105022.733,13127.841625,1,38.404904,24960,337,1
measured_emulation,direct_osken,8,22,8,10427.755,1303.469375,1,38.426154,24960,338,2
measured_emulation,daim_persistent,8,22,8,39523.061,4940.382625,1,38.450489,24960,339,3
measured_emulation,direct_ovs_cli,8,22,8,75560.978,9445.12225,1,38.47389,24960,340,4
measured_emulation,daim_process_per_rule,16,22,16,205864.153,12866.5095625,1,38.512389999999996,24960,341,1
measured_emulation,direct_ovs_cli,16,22,16,146306.391,9144.1494375,1,38.552939,24960,342,2
measured_emulation,daim_persistent,16,22,16,97147.761,6071.7350625,1,38.59908,24960,343,3
measured_emulation,direct_osken,16,22,16,44179.199,2761.1999375,1,38.64054,24960,344,4
measured_emulation,daim_process_per_rule,32,22,32,417918.532,13059.954125,1,38.714334,24960,345,1
measured_emulation,direct_ovs_cli,32,22,32,303268.239,9477.13246875,1,38.793893,24960,346,2
measured_emulation,direct_osken,32,22,32,166840.505,5213.76578125,1,38.872795,24960,347,3
measured_emulation,daim_persistent,32,22,32,258998.824,8093.71325,1,38.963274,24960,348,4
measured_emulation,direct_osken,64,22,64,724978.978,11327.79653125,1,39.101071000000005,24960,349,1
measured_emulation,daim_process_per_rule,64,22,64,955094.537,14923.352140625,1,39.265931,24960,350,2
measured_emulation,daim_persistent,64,22,64,774358.354,12099.34928125,1,39.442126,24960,351,3
measured_emulation,direct_ovs_cli,64,22,64,780710.2119999999,12198.597062499999,1,39.612684,24960,352,4
measured_emulation,daim_process_per_rule,8,23,8,107611.211,13451.401375,1,39.664108999999996,24960,353,1
measured_emulation,direct_ovs_cli,8,23,8,77635.057,9704.382125,1,39.687294,24960,354,2
measured_emulation,direct_osken,8,23,8,8427.205,1053.400625,1,39.713530000000006,24960,355,3
measured_emulation,daim_persistent,8,23,8,40971.554000000004,5121.4442500000005,1,39.739483,24960,356,4
measured_emulation,direct_osken,16,23,16,55842.471,3490.1544375,1,39.774031,24960,357,1
measured_emulation,daim_process_per_rule,16,23,16,202676.123,12667.2576875,1,39.82005,24960,358,2
measured_emulation,daim_persistent,16,23,16,96060.54,6003.78375,1,39.866995,24960,359,3
measured_emulation,direct_ovs_cli,16,23,16,149270.75,9329.421875,1,39.908735,24960,360,4
measured_emulation,daim_process_per_rule,32,23,32,419387.774,13105.8679375,1,39.991651000000005,24960,361,1
measured_emulation,daim_persistent,32,23,32,270420.594,8450.6435625,1,40.136953,24960,362,2
measured_emulation,direct_osken,32,23,32,179529.931,5610.31034375,1,40.214963999999995,24960,363,3
measured_emulation,direct_ovs_cli,32,23,32,310719.814,9709.9941875,1,40.296918,24960,364,4
measured_emulation,direct_osken,64,23,64,809388.0,12646.6875,1,40.429742,24960,365,1
measured_emulation,direct_ovs_cli,64,23,64,755461.504,11804.086,1,40.592712000000006,24960,366,2
measured_emulation,daim_persistent,64,23,64,832390.475,13006.101171875,1,40.765466,25088,367,3
measured_emulation,daim_process_per_rule,64,23,64,963664.355,15057.255546875,1,40.932175,25216,368,4
measured_emulation,daim_persistent,8,24,8,38931.729999999996,4866.4662499999995,1,40.977502,25216,369,1
measured_emulation,direct_ovs_cli,8,24,8,76717.606,9589.70075,1,41.000851999999995,25216,370,2
measured_emulation,direct_osken,8,24,8,16325.634,2040.70425,1,41.025567,25216,371,3
measured_emulation,daim_process_per_rule,8,24,8,102268.477,12783.559625,1,41.048386,25216,372,4
measured_emulation,direct_ovs_cli,16,24,16,152036.796,9502.29975,1,41.086483,25216,373,1
measured_emulation,direct_osken,16,24,16,34090.574,2130.660875,1,41.125341,25216,374,2
measured_emulation,daim_process_per_rule,16,24,16,198115.753,12382.2345625,1,41.171019,25216,375,3
measured_emulation,daim_persistent,16,24,16,93756.885,5859.8053125,1,41.216836,25216,376,4
measured_emulation,direct_ovs_cli,32,24,32,311104.863,9722.02696875,1,41.291967,25216,377,1
measured_emulation,daim_persistent,32,24,32,287517.206,8984.9126875,1,41.381776,25216,378,2
measured_emulation,daim_process_per_rule,32,24,32,412451.912,12889.12225,1,41.466661,25216,379,3
measured_emulation,direct_osken,32,24,32,172667.495,5395.85921875,1,41.540722,25216,380,4
measured_emulation,direct_osken,64,24,64,726840.01,11356.87515625,1,41.671543,25216,381,1
measured_emulation,daim_persistent,64,24,64,780157.909,12189.967328125,1,41.843351,25216,382,2
measured_emulation,daim_process_per_rule,64,24,64,980064.961,15313.515015625,1,42.011315,25216,383,3
measured_emulation,direct_ovs_cli,64,24,64,755111.89,11798.62328125,1,42.171667,25216,384,4
measured_emulation,daim_persistent,8,25,8,39283.528,4910.441,1,42.222698,25216,385,1
measured_emulation,direct_osken,8,25,8,15232.896,1904.112,1,42.246398,25216,386,2
measured_emulation,direct_ovs_cli,8,25,8,76461.481,9557.685125,1,42.268744,25216,387,3
measured_emulation,daim_process_per_rule,8,25,8,101019.614,12627.45175,1,42.291944,25216,388,4
measured_emulation,direct_ovs_cli,16,25,16,149710.161,9356.8850625,1,42.330463,25216,389,1
measured_emulation,daim_persistent,16,25,16,105959.87299999999,6622.4920624999995,1,42.376965,25216,390,2
measured_emulation,daim_process_per_rule,16,25,16,199068.918,12441.807375,1,42.418308,25216,391,3
measured_emulation,direct_osken,16,25,16,41356.334,2584.770875,1,42.458509,25216,392,4
measured_emulation,direct_ovs_cli,32,25,32,305937.559,9560.54871875,1,42.534888,25216,393,1
measured_emulation,daim_process_per_rule,32,25,32,407761.725,12742.55390625,1,42.616494,25216,394,2
measured_emulation,direct_osken,32,25,32,117403.901,3668.87190625,1,42.691642,25216,395,3
measured_emulation,daim_persistent,32,25,32,279944.29,8748.2590625,1,42.781697,25216,396,4
measured_emulation,direct_osken,64,25,64,670464.441,10476.006890625,1,42.916999000000004,25216,397,1
measured_emulation,daim_persistent,64,25,64,768184.951,12002.889859375,1,43.089357,25216,398,2
measured_emulation,daim_process_per_rule,64,25,64,982202.789,15346.918578125,1,43.264337,25216,399,3
measured_emulation,direct_ovs_cli,64,25,64,762817.593,11919.024890625,1,43.421313,25216,400,4
measured_emulation,direct_osken,8,26,8,12166.39,1520.79875,1,43.470195000000004,25216,401,1
measured_emulation,daim_process_per_rule,8,26,8,103878.492,12984.8115,1,43.494308000000004,25216,402,2
measured_emulation,direct_ovs_cli,8,26,8,75661.871,9457.733875,1,43.515733,25216,403,3
measured_emulation,daim_persistent,8,26,8,41301.184,5162.648,1,43.542327,25216,404,4
measured_emulation,daim_process_per_rule,16,26,16,198907.826,12431.739125,1,43.581697,25216,405,1
measured_emulation,direct_ovs_cli,16,26,16,149755.465,9359.7165625,1,43.624038999999996,25216,406,2
measured_emulation,daim_persistent,16,26,16,110770.554,6923.159625,1,43.669652,25216,407,3
measured_emulation,direct_osken,16,26,16,54724.54,3420.28375,1,43.712173,25216,408,4
measured_emulation,daim_process_per_rule,32,26,32,413908.611,12934.64409375,1,43.787413,25216,409,1
measured_emulation,direct_ovs_cli,32,26,32,308116.527,9628.64146875,1,43.866325,25216,410,2
measured_emulation,direct_osken,32,26,32,155742.218,4866.9443125,1,43.940103,25216,411,3
measured_emulation,daim_persistent,32,26,32,260558.634,8142.4573125,1,44.028853,25216,412,4
measured_emulation,daim_process_per_rule,64,26,64,986306.168,15411.033875,1,44.179288,25216,413,1
measured_emulation,direct_ovs_cli,64,26,64,774513.848,12101.778875,1,44.335373000000004,25216,414,2
measured_emulation,direct_osken,64,26,64,726640.107,11353.751671875,1,44.480722,25216,415,3
measured_emulation,daim_persistent,64,26,64,786862.282,12294.72315625,1,44.654486000000006,25216,416,4
measured_emulation,daim_persistent,8,27,8,44574.325,5571.790625,1,44.702422,25216,417,1
measured_emulation,daim_process_per_rule,8,27,8,102907.631,12863.453875,1,44.726068,25216,418,2
measured_emulation,direct_osken,8,27,8,15303.918,1912.98975,1,44.747228,25216,419,3
measured_emulation,direct_ovs_cli,8,27,8,78391.527,9798.940875,1,44.770357000000004,25216,420,4
measured_emulation,direct_osken,16,27,16,46041.921,2877.6200625,1,44.807244999999995,25216,421,1
measured_emulation,daim_process_per_rule,16,27,16,202780.752,12673.797,1,44.852385,25216,422,2
measured_emulation,daim_persistent,16,27,16,96733.468,6045.84175,1,44.898594,25216,423,3
measured_emulation,direct_ovs_cli,16,27,16,152074.775,9504.6734375,1,44.941119,25216,424,4
measured_emulation,daim_persistent,32,27,32,251478.802,7858.7125625,1,45.024198,25216,425,1
measured_emulation,direct_osken,32,27,32,173809.918,5431.5599375,1,45.103661,25216,426,2
measured_emulation,daim_process_per_rule,32,27,32,409451.072,12795.346,1,45.184753,25216,427,3
measured_emulation,direct_ovs_cli,32,27,32,312626.065,9769.56453125,1,45.26526,25216,428,4
measured_emulation,daim_persistent,64,27,64,824485.411,12882.584546875,1,45.428019,25216,429,1
measured_emulation,direct_ovs_cli,64,27,64,770264.844,12035.3881875,1,45.594635,25216,430,2
measured_emulation,direct_osken,64,27,64,707619.475,11056.554296875,1,45.745013,25216,431,3
measured_emulation,daim_process_per_rule,64,27,64,990327.284,15473.8638125,1,45.907997,25216,432,4
measured_emulation,direct_osken,8,28,8,6747.615,843.451875,1,45.956522,25216,433,1
measured_emulation,daim_persistent,8,28,8,42144.488,5268.061,1,45.980337,25216,434,2
measured_emulation,direct_ovs_cli,8,28,8,76830.31,9603.78875,1,46.00232,25216,435,3
measured_emulation,daim_process_per_rule,8,28,8,100921.89199999999,12615.236499999999,1,46.026085,25216,436,4
measured_emulation,direct_osken,16,28,16,37577.812,2348.61325,1,46.062539,25216,437,1
measured_emulation,daim_persistent,16,28,16,115222.041,7201.3775625,1,46.109266,25216,438,2
measured_emulation,daim_process_per_rule,16,28,16,202786.579,12674.1611875,1,46.153228999999996,25216,439,3
measured_emulation,direct_ovs_cli,16,28,16,149954.024,9372.1265,1,46.196155,25216,440,4
measured_emulation,daim_process_per_rule,32,28,32,416099.838,13003.1199375,1,46.273105,25216,441,1
measured_emulation,daim_persistent,32,28,32,293674.842,9177.3388125,1,46.360016,25216,442,2
measured_emulation,direct_ovs_cli,32,28,32,308398.121,9637.44128125,1,46.439002,25216,443,3
measured_emulation,direct_osken,32,28,32,170414.018,5325.4380625,1,46.51898,25216,444,4
measured_emulation,daim_persistent,64,28,64,832574.721,13008.980015625,1,46.68763,25216,445,1
measured_emulation,direct_osken,64,28,64,716677.593,11198.087390625,1,46.835494,25216,446,2
measured_emulation,direct_ovs_cli,64,28,64,766886.873,11982.607390625,1,46.997687,25216,447,3
measured_emulation,daim_process_per_rule,64,28,64,974913.76,15233.0275,1,47.166836,25216,448,4
measured_emulation,direct_osken,8,29,8,10806.139,1350.767375,1,47.219865,25216,449,1
measured_emulation,daim_process_per_rule,8,29,8,103335.781,12916.972625,1,47.242512000000005,25216,450,2
measured_emulation,daim_persistent,8,29,8,38855.663,4856.957875,1,47.266498999999996,25216,451,3
measured_emulation,direct_ovs_cli,8,29,8,76497.682,9562.21025,1,47.28935800000001,25216,452,4
measured_emulation,daim_process_per_rule,16,29,16,209235.785,13077.2365625,1,47.329631000000006,25216,453,1
measured_emulation,direct_osken,16,29,16,37534.602,2345.912625,1,47.371787,25216,454,2
measured_emulation,direct_ovs_cli,16,29,16,149153.922,9322.120125,1,47.412890000000004,25216,455,3
measured_emulation,daim_persistent,16,29,16,96728.843,6045.5526875,1,47.460159000000004,25216,456,4
measured_emulation,direct_ovs_cli,32,29,32,311409.271,9731.53971875,1,47.537949000000005,25216,457,1
measured_emulation,direct_osken,32,29,32,167635.343,5238.60446875,1,47.616424,25216,458,2
measured_emulation,daim_process_per_rule,32,29,32,418196.859,13068.65184375,1,47.699563,25216,459,3
measured_emulation,daim_persistent,32,29,32,277378.971,8668.09284375,1,47.787090000000006,25216,460,4
measured_emulation,daim_persistent,64,29,64,837413.13,13084.58015625,1,47.952034,25216,461,1
measured_emulation,daim_process_per_rule,64,29,64,957097.957,14954.655578125,1,48.12046,25216,462,2
measured_emulation,direct_osken,64,29,64,748561.698,11696.27653125,1,48.267912,25216,463,3
measured_emulation,direct_ovs_cli,64,29,64,758904.156,11857.8774375,1,48.426294,25472,464,4
measured_emulation,direct_osken,8,30,8,12884.278,1610.53475,1,48.472061999999994,25472,465,1
measured_emulation,direct_ovs_cli,8,30,8,79645.085,9955.635625,1,48.498218,25472,466,2
measured_emulation,daim_persistent,8,30,8,37758.414,4719.80175,1,48.522672,25472,467,3
measured_emulation,daim_process_per_rule,8,30,8,106772.114,13346.51425,1,48.545939,25472,468,4
measured_emulation,daim_process_per_rule,16,30,16,199517.382,12469.836375,1,48.587807000000005,25600,469,1
measured_emulation,daim_persistent,16,30,16,108724.752,6795.297,1,48.635912000000005,25600,470,2
measured_emulation,direct_ovs_cli,16,30,16,152528.394,9533.024625,1,48.678287000000005,25600,471,3
measured_emulation,direct_osken,16,30,16,63422.0,3963.875,1,48.728228,25600,472,4
measured_emulation,direct_osken,32,30,32,162888.883,5090.27759375,1,48.796918999999995,25600,473,1
measured_emulation,direct_ovs_cli,32,30,32,311670.962,9739.7175625,1,48.877678,25600,474,2
measured_emulation,daim_process_per_rule,32,30,32,414510.325,12953.44765625,1,48.959298,25600,475,3
measured_emulation,daim_persistent,32,30,32,264525.638,8266.4261875,1,49.048913999999996,25600,476,4
measured_emulation,daim_process_per_rule,64,30,64,967803.027,15121.922296875,1,49.200138,25600,477,1
measured_emulation,daim_persistent,64,30,64,782484.625,12226.322265625,1,49.37703,25600,478,2
measured_emulation,direct_osken,64,30,64,665937.278,10405.26996875,1,49.525108,25600,479,3
measured_emulation,direct_ovs_cli,64,30,64,780041.852,12188.1539375,1,49.686651,25600,480,4
